title,category,sourceFile,sourceRow,id
"Buffalo Chicken Wontons","Appetizers","appetizers_full_export (1).csv",7,"buffalo-chicken-wontons-3eb41622"
"Citrus Shrimp Lettuce Cups","Other","archived_recipes (1).csv",10,"citrus-shrimp-lettuce-cups-dd89a2b8"
"Blueberry Hibiscus Moscow Mule","Drinks","drinks_recipes (1).csv",3,"blueberry-hibiscus-moscow-mule-eb6f8f6a"
"Chocolate Martini","Drinks","drinks_recipes (1).csv",5,"chocolate-martini-03ea7874"
"Waffles","Breakfast","meals_breakfast_recipes (1).csv",4,"waffles-ea71217d"
"Lunch/Dinner","Breakfast","meals_breakfast_recipes (1).csv",5,"lunch-dinner-3eb41622"
"Crockpot","Other","remaining_recipe_sections (1).csv",8,"crockpot-3eb41622"
"Name","Other","remaining_recipe_sections (1).csv",31,"name-3eb41622"
"Name","Other","remaining_recipe_sections (1).csv",32,"name-3eb41622"
"Other","Other","remaining_recipe_sections (1).csv",33,"other-3eb41622"
"Italian Dressing","Other","remaining_recipe_sections (1).csv",36,"italian-dressing-d2aee6d7"
"Taco Seasoning","Other","remaining_recipe_sections (1).csv",41,"taco-seasoning-4190d40c"
"Tomato Free Pasta Sauce","Other","remaining_recipe_sections (1).csv",43,"tomato-free-pasta-sauce-3eb41622"